ad_title,ad_category
orchestrate ubiquitous markets,movies
extend transparent action-items,tech
synergize dot-com metrics,movies
evolve seamless networks,sports
synergize 24/365 networks,sports
seize world-class convergence,sports
streamline open-source paradigms,gaming
maximize back-end eyeballs,music
mesh next-generation infrastructures,fashion
grow value-added paradigms,sports
exploit impactful channels,
grow granular technologies,tech
engage distributed deliverables,gaming
innovate B2B ROI,movies
benchmark next-generation e-business,
optimize 24/7 vortals,movies
seize ubiquitous info-mediaries,
mesh clicks-and-mortar supply-chains,sports
disintermediate enterprise web-readiness,fashion
matrix B2B architectures,gaming
